{"cameraMode":{"drawMode":0,"name":"Shaded","section":"Shading Mode"},"sceneLighting":true,"audioPlay":false,"sceneViewState":{"m_AlwaysRefresh":false,"showFog":true,"showSkybox":true,"showFlares":true,"showImageEffects":true,"showParticleSystems":true,"showVisualEffectGraphs":true,"m_FxEnabled":true},"in2DMode":false,"pivot":{"x":12.31247329711914,"y":5.680824279785156,"z":3.5372700691223146},"rotation":{"x":0.08750306069850922,"y":0.9097248315811157,"z":-0.3218035101890564,"w":0.24737213551998139},"size":418.29119873046877,"orthographic":false}